section_label,section_title,entry_code,title,authors,pdf_url
A,Nuclear Reactions,CT-NRE-01,Fission dynamics of the 35Cl + 205Tl reaction around the Coulomb barrier,Ajmira Sultana,
A,Nuclear Reactions,CT-NRE-02,Quasi-elastic scattering excitation function and barrier distribution of 16O+178Hf system using recoil mass spectrometer,Amar Das,
A,Nuclear Reactions,CT-NRE-03,Fusion hindrance in the 32S+138Ba system at sub-barrier energies,Dr. Malvika,
A,Nuclear Reactions,CT-NRE-04,Optical Model Potentials in Elastic Scattering: Implications for Nuclear Structure and Reactions,Dr. Vishal Srivastava,
A,Nuclear Reactions,CT-NRE-05,Interplay of Nuclear Deformation and Transfer Q-Value on Fusion: A Systematic Study,Gobind Ram,
A,Nuclear Reactions,CT-NRE-06,Study of 22-35Na+12C reaction cross sections at 240 MeV/nucleon,GOVIND KUMAR,
A,Nuclear Reactions,CT-NRE-07,"Generation of  Cross-Section Data of 196-194Au by Using K-Nearest Neighbors (KNN) Algorithm in (alpha, alpha xn) Reactions",Hanuman Verma,
A,Nuclear Reactions,CT-NRE-08,Probing nuclear fission through fragment mass distributions in actinide region,Mahima Upadhyay,
A,Nuclear Reactions,CT-NRE-09,Fusion Dynamics of weakly bound projectile 9Be at near barrier energies,Nancy Garg,
A,Nuclear Reactions,CT-NRE-10,"One-neutron and ?-transfer channels in the nuclear reaction 12C(7Be, 8Be*)11C*",Niloy Ghosh,
A,Nuclear Reactions,CT-NRE-11,Charge and Matter Radii of 58-77Ni Isotopes from Charge-Changing and Interaction Cross Sections,Mohd Imran,
A,Nuclear Reactions,CT-NRE-12,Mass–TKE Correlations in the Fusion–Fission of 214Ra*,Punit Dubey,
A,Nuclear Reactions,CT-NRE-13,Systematics Study of Nuclear Dissipation Strength in Fission Dynamics of Cm Isotopes,Rajat Kumar Sahu,
A,Nuclear Reactions,CT-NRE-14,"Neutron spectrometry in 11B(p,n)11C reaction.",RITIKA DATTA,
A,Nuclear Reactions,CT-NRE-15,Experimental and theoretical insights into the fission modes of Ra and Pa,Saneesh Nedumbally,
A,Nuclear Reactions,CT-NRE-16,"Fission Fragment Mass and Total Kinetic Energy Distributions in Transfer-Induced Fission of 6,7Li + 232Th",Saumyasucharita Sahu,
A,Nuclear Reactions,CT-NRE-17,Investigation of 3 H Capture in the 7 Li + 50 Ti Reaction,SHOUVIK PAL,
A,Nuclear Reactions,CT-NRE-18,Breakup Studies on the 7Be + d Reaction at 5 MeV/u,Subhankar Maity,
A,Nuclear Reactions,CT-NRE-19,STUDY OF SCATTERING AND FUSION CROSS-SECTIONS OF 6Li + 90Zr NEAR THE COULOMB BARRIER,Tustita Jena,
A,Nuclear Reactions,CT-NRE-20,Study of fusion-fission dynamics in the 12C + 193Ir system,Rupinderjeet Kaur,
A,Nuclear Reactions,CT-NRT-01,Influence of Nuclear Deformations and Orientations on Fusion–Fission and Quasi-Fission in 202Pb?,Diksha,
A,Nuclear Reactions,CT-NRT-02,Short-range Nucleon-Nucleon Correlations Inside Atomic Nuclei: Present Understanding and Future Directions,Dr Ranjeet Dalal,
A,Nuclear Reactions,CT-NRT-03,Phase Shift Analysis and Resonance Identification in Low-Energy Nucleon– ? Scattering via Exact Nonlocal Potential Treatment,"Malvika Naik, Fathimath Thameema, and N. J. Upadhyay",
A,Nuclear Reactions,CT-NRT-04,Exploring Projectile Dependence in the Synthesis of Superheavy Nuclei with a Deformed 238U Target,Shilpa Rana,
A,Nuclear Reactions,CT-NRT-05,Model-Independent Approach to Coherent Pion Photoproduction on  Tensor-Polarized Deuteron,Venkataramana Shastri,
A,Nuclear Reactions,CT-NRTQ-01,Emulating Nuclear Fission Modeling Using Standard AI-Based Tools,"Aman Jha, Jhilam Sadhukhan, and N. J. Upadhyay",
A,Nuclear Reactions,CT-NRTQ-02,"Uncertainty-Aware Prediction of (n,p) Reaction Cross Sections Using Bayesian Neural Networks",Dr. Arunabha Saha,
A,Nuclear Reactions,CT-NRTQ-03,Machine Learning for Nuclear ?-Decay Half-Life Prediction via Hybrid Machine Learning and Support Vector Regression,Sushil Ganeshpure,
A,Nuclear Reactions,CT-NRTQ-04,Geant4 Benchmarking and Empirical Parametrization of Charge Changing Cross Section,HEMANT KUMAR,
A,Nuclear Reactions,PP-NRE-01,Study of In-Complete Fusion using Recoil Range Distribution (RRD)  for the system 16O+160Gd,mohd usman,
A,Nuclear Reactions,PP-NRE-02,Study of optical model potential parameters and their uncertainties for molybdneum,Namrata singh,
A,Nuclear Reactions,PP-NRE-03,Evolution of Non-Mean-Field Reaction Dynamics in Heavy-Ion-Induced Fission at Intermediate Energies.,Gyandeep Narzary,
A,Nuclear Reactions,PP-NRE-04,A Comparative Analysis of UTKF and Bayesian Results for Parameter  Estimation and Uncertainty Quantification,Shweta Singh,
A,Nuclear Reactions,PP-NRE-06,Radial sensitivity and threshold anomaly of elastic scattering  induced by loosely bound nuclei,Anita Tamang,
A,Nuclear Reactions,PP-NRE-07,"Fusion, Cluster Decay and Particle-Emission Characteristics of Excited Sn Nuclei",Amandeep Kaur,
A,Nuclear Reactions,PP-NRE-08,"Probing Sub-barrier Fusion Enhancement through Barrier Penetration Dynamics in 28Si+140,142Ce Reactions",Amandeep Kaur,
A,Nuclear Reactions,PP-NRE-09,"Interplay of Incomplete fusion, fusion suppression and momentum transfer in 12C+193Ir system",Amanjot,
A,Nuclear Reactions,PP-NRE-10,Barrier distribution from fusion of  30Si +142Nd reactions  near the Coulomb barrier,Anjali Merin,
A,Nuclear Reactions,PP-NRE-11,Probing of Incomplete Fusion Dynamics and Fusion Suppression in the 19F+103Rh Reaction,Avinash Agarwal,
A,Nuclear Reactions,PP-NRE-12,Insights into Heavy-Ion Fission Dynamics through Pre-scission Neutron Emission,Avitesh Agrawal,
A,Nuclear Reactions,PP-NRE-13,Systematic Study of Pre-scission Neutron Multiplicity for 19F+181Ta and 16O+184W Reactions: Role of Dissipation and Compound-Nucleus Formation Time,Basant,
A,Nuclear Reactions,PP-NRE-14,Measurement of mass distribution in neutron deficient $^{204}$Rn,Chandan Kumar,
A,Nuclear Reactions,PP-NRE-15,"Coupled channel effects in subbarrier fusion involving 32,36 S projectiles",Chandana L,
A,Nuclear Reactions,PP-NRE-16,Influence of mass asymmetry on Shear Viscosity in heavy-ion collisions at intermediate energies,Dikshit Gupta,
A,Nuclear Reactions,PP-NRE-17,Production of the Medical Radioisotopes 86Zr and 87gY in 16O + 74Ge system,Dr. Dharmendra Singh,
A,Nuclear Reactions,PP-NRE-18,Experimental Investigation of Fission-Fragment Production in 19F-Induced Reactions on 159Tb at energies above the Coulomb barrier and below ? 6 MeV/A,Dr. Satyendra Kumar Gautam,
A,Nuclear Reactions,PP-NRE-19,Statistical Model Analysis of the ????-induced reactions on selenium isotopes,Ekta choudhary,
A,Nuclear Reactions,PP-NRE-20,"Quasielastic scattering measurements in interactions of 28,30Si with 74,76Ge",Jaspreet Kaur Chahal,
A,Nuclear Reactions,PP-NRE-21,"Angular-Momentum-Driven Fragment Preformation in (^{232}mathrm{Th}(n,f)) at 3.0 MeV: A Dynamical Cluster Decay Model Study",Komal Prasad Das,
A,Nuclear Reactions,PP-NRE-22,"Statistical-Model Analysis and Experimental Validation of the 14N(p,?)11C Reaction Cross-Section for 11C Radioisotope Production",Milan Singh,
A,Nuclear Reactions,PP-NRE-23,"Study of energy dependent sensitivity analysis of nuclear model parameters for 181Ta(n,?)182Ta nuclear reaction",Namrata singh,
A,Nuclear Reactions,PP-NRE-24,Systematic Investigation of Fusion-Barrier Characteristics and Fusion  Dynamics in Reactions Induced by Weakly Bound Nuclei,NISHA MALIK,
A,Nuclear Reactions,PP-NRE-25,Angular Momentum Dependence of Fusion Hindrance in 48Ti + 160Gd and 30Si + 178Hf,Phurba Sherpa,
A,Nuclear Reactions,PP-NRE-26,Cross sections for medically relevant Tb radioisotopes through p-induced reactions on Gd isotopes,Pooja Narendra Singh,
A,Nuclear Reactions,PP-NRE-27,Investigating the role of system parameters in 16O induced reactions  above the Coulomb barrier,rahbar ali,
A,Nuclear Reactions,PP-NRE-28,Probing of Incomplete Fusion in the 16O + 154Sm System,RAHUL MAHATO,
A,Nuclear Reactions,PP-NRE-29,Breakup Threshold Anomaly in the 9Be + 27Al System Using the Ginocchio Optical Potential,Raj Preethi P,
A,Nuclear Reactions,PP-NRE-30,Investigating one-proton transfer channels in the interactions of 19F with 92Mo,Rayees Ahmad Yatoo,
A,Nuclear Reactions,PP-NRE-31,Exploring the Ternary-Fission Landscape Through the Three-Cluster Model and Experimental Investigation,Rishabh Prajapati,
A,Nuclear Reactions,PP-NRE-32,Investigating the Role of Angular Momentum in Complete and Incomplete  Fusion: A Case Study of 16O+175Lu,SAMANT KUMAR YADAV,
A,Nuclear Reactions,PP-NRE-33,Study of Complete and Incomplete Fusion in 16O + 172Yb Reactions at Low Energies,SAMVEEL ANSARI,
A,Nuclear Reactions,PP-NRE-34,"Experimental and theoretical analysis of neutron induced reaction cross section for 107,109Ag and 115In isotopes with covariance analysis",Shivani Sharma,
A,Nuclear Reactions,PP-NRE-35,Comparative study of quasi-fission and its impact on  neutron multiplicities,SRIYA PAUL,
A,Nuclear Reactions,PP-NRE-36,"Investigation of Isospin splitting in the Giant Dipole Resonance using total cross section and isomeric ratio of 94Zr(p,?) reaction",Sumit Bamal,
A,Nuclear Reactions,PP-NRE-37,Determination of Fission Contribution in 19F + 181Ta Systems at Low Energy,Sushant arora,
A,Nuclear Reactions,PP-NRE-38,Investigation of proton-induced reactions on 192Os target for medical  applications of 192Ir.,Swarali Shantanu Hinge,
A,Nuclear Reactions,PP-NRE-39,"Experimental determination of nuclear reaction cross-section for 51V(?,x)",Utkarsha Mishra,
A,Nuclear Reactions,PP-NRE-40,Study of the excitation function of alpha induced nuclear reaction,Utkarsha Mishra,
A,Nuclear Reactions,PP-NRE-41,Neutron-induced reaction cross sections of selenium isotopes at 14-15 MeV: Activation measurements and covariance analysis,Vandana,
A,Nuclear Reactions,PP-NRT-01,Ground-State Structure of Exotic Na isotopes using Coulomb breakup method,AKanksha,
A,Nuclear Reactions,PP-NRT-02,Isospin-Asymmetry Modulations in Binary Fragmentation Dynamics of Excited Compound Nuclei in the A ~ 60 Region,Amritpal Singh,
A,Nuclear Reactions,PP-NRT-03,Charged particle evaporation in 254Fm*: competition between xn and ?xn channels,Anamika Tripathy,
A,Nuclear Reactions,PP-NRT-04,"Investigation of ? emission via break-up in 6,7Li induced reactions",Bhuptani Chirag,
A,Nuclear Reactions,PP-NRT-05,Total Inelastic Cross-section for Neutron–Nucleus Scattering,Garima,
A,Nuclear Reactions,PP-NRT-06,From light to heavy actinides: surface diffuseness in ????-decay,Gudveen Sawhney,
A,Nuclear Reactions,PP-NRT-07,Heavy-Ion Fusion Reactions and Astrophysical S-Factors: A Theoretical Study,Gunajn Pandey,
A,Nuclear Reactions,PP-NRT-08,"THEORETICAL CALCULATION OF PRE-SCISSION NEUTRON MULTIPLICITY FOR ²¹³,²¹?,²¹?Ac COMPOUND NUCLEI USING LANGEVIN DYNAMICAL MODEL",Kiran,
A,Nuclear Reactions,PP-NRT-09,Influence of Nuclear Orientation and Deformation on Neutron-Induced Fission of $^{232}$Th within the Dynamical Cluster Decay Model,Komal Prasad das,
A,Nuclear Reactions,PP-NRT-10,Optical model analysis for the 10B + 58Ni system,MAISURIYA MONIKBHAI NAVINBHAI,
A,Nuclear Reactions,PP-NRT-11,Influence of pairing energy and angular momentum on the IMF production in the decay of light mass compound nucleus,Noushad Ali Malawat,
A,Nuclear Reactions,PP-NRT-12,Breakup Threshold Anomaly in the 9Be + 27Al System Using the Ginocchio Optical Potential,P. Raj Preethi,
A,Nuclear Reactions,PP-NRT-13,Effect of Isospin Asymmetry on Magnetic Field Evolution in Chromium Nuclei,Praveen Kumar,
A,Nuclear Reactions,PP-NRT-14,Systematic Study of Isotopic Effects on Magnetic-Field Generation in Heavy-Ion Collisions,PRAVEEN KUMAR,
A,Nuclear Reactions,PP-NRT-15,Effect of surface polarization in the sub-barrier region of reaction involving lanthanide target,Rajni,
A,Nuclear Reactions,PP-NRT-16,"Theoretical Analysis of the 232Th(n,f) and 233U(n,f) Reaction Cross-Section Using TALYS",Saanchi Parashar,
A,Nuclear Reactions,PP-NRT-17,Fusion dynamics of 28Si + 144Nd reaction,Samiksha,
A,Nuclear Reactions,PP-NRT-18,Study of microscopic effects in fusion-fission dynamics using statistical model calculation,Yukta Sharma,
A,Nuclear Reactions,PP-NRT-19,Estimating the production cross-section of Thulium-167 using Machine Learning (ML) with multi-parameter features,Avinash Agarwal,
A,Nuclear Reactions,,"The isotopic fission fragment yields of systems around 232Th produced in inverse-kinematics to deepen the understanding of the ""Thorium anomaly""",Alex Cobo Zarzuelo,
A,Nuclear Reactions,,Study of nuclear shapes via low-energy heavy ion collisions,Subir Nath,
A,Nuclear Reactions,,Prompt ?-Ray Emission from Isotopically Identified Fission Fragments with PARIS@VAMOS,Neeraj Kumar,
A,Nuclear Reactions,,Hadron and Strangeness Nuclear Physics at J-PARC,FUMINORI SAKUMA,
A,Nuclear Reactions,,Exploring the Multinucleon Transfer Approach via Slowed-Down Relativistic Beams: FRS & FRS Ion-Catcher Optimization and Prospects,Deepak Kumar,
B,Nuclear structure,CT-NRT-06,Deformation-Induced K-Splitting in the Isoscalar Quadrupole Response of 20Ne within Real-Time TDHF,ABHISHEK,
B,Nuclear structure,CT-NSE-01,Spectroscopy of multiple band structures in 129Xe,Aditi Sindhu,
B,Nuclear structure,CT-NSE-02,Recommendation for polarization asymmetry for stretched quadrupole and dipole transitions based on the compiled polarization asymmetry data,AMAN DHANKHAR,
B,Nuclear structure,CT-NSE-03,Structural evolution in superdeformed bands of 36Ar and 40Ar,Annanya Mahajan,
B,Nuclear structure,CT-NSE-04,High-Spin Study of 183Ir,Anupriya Sharma,
B,Nuclear structure,CT-NSE-06,In-beam ?-ray Spectroscopy and Shell Model Calculations for 86Rb,Dr. Anuj,
B,Nuclear structure,CT-NSE-07,Hindered first-forbidden and allowed ? decays of 206At,Dr. Khamosh Yadav,
B,Nuclear structure,CT-NSE-08,Lifetime measurement of yrast states in i13/2 band of 153Gd nucleus,Indu Bala,
B,Nuclear structure,CT-NSE-09,Lifetime measurement of the coupled negative-parity band of 130Cs,Mamta Prajapati,
B,Nuclear structure,CT-NSE-10,Review of the structural properties of 151Dy with gamma-ray spectroscopy and lifetime measurement,Ravi Bhushan,
B,Nuclear structure,CT-NSE-11,Spectroscopy of yrast and near-yrast states in 130Xe,Suchorita Paul,
B,Nuclear structure,CT-NSE-12,Evidence of Octupole correlations in 73As,Yashraj,
B,Nuclear structure,CT-NST-01,Ground-State Properties of Light Nuclei with Natural-Orbital No-Core Monte Carlo Shell Model,Anil Kumar,
B,Nuclear structure,CT-NST-02,Shape transitions of Preactinide nuclei at fission limits via Chebyshev shape parametrization,Asmitha M. R.,
B,Nuclear structure,CT-NST-03,Nuclear structure of 158Dy using asymmetric rotor model,Dr Moti Singh,
B,Nuclear structure,CT-NST-04,Analysis of competing emergence of 12C and 14C clusters  from 216-226Ra isotopes,Dr. BirBikram Singh,
B,Nuclear structure,CT-NST-05,"itle{First Observation of Triple Rotation Modes—Wobbling, Chirality, and Magnetic Rotation—in the Odd-A Nucleus $^{133}$La}",Dr Gowhar Hussain Bhat,
B,Nuclear structure,CT-NST-06,Hexadecapole deformed configurations in nuclei at high excitation energies,Dr. Surja Kiran Ghorui,
B,Nuclear structure,CT-NST-07,Benchmarking Residual Learning Approaches for Nuclear Mass Predictions,G. Saxena,
B,Nuclear structure,CT-NST-08,Investigation of Gallagher-Moszkowski Splitting Energies in Even-Even  Deformed Nuclei,Karmjeet Kaur,
B,Nuclear structure,CT-NST-09,Shape Coexistence in Hot Rotating Mo and Ru Isotopes,Mamta Aggarwal,
B,Nuclear structure,CT-NST-10,Evolution of Excited 0+ Structures and Shape Coexistence in Neutron-Rich Even-Even 94-100Kr Isotopes,Meena sharma,
B,Nuclear structure,CT-NST-11,Entanglement entropy and non-local magic for exotic nuclear systems,MEHAK,
B,Nuclear structure,CT-NST-12,Search for wobbling motion in ?-soft triaxial even-even 122?130Ba isotopes within the triaxial projected shell model approach,MOHD ILYAS LONE,
B,Nuclear structure,CT-NST-13,Microscopic analysis of the E1 response and collective excitations in deformed nuclei,Nabeel Salim,
B,Nuclear structure,CT-NST-14,Microscopic Investigation of Yrast and Near-Yrast Bands in ¹¹??¹¹?In Isotopes,Saroj Soodan,
B,Nuclear structure,CT-NST-15,Large-Basis Shell-Model Investigation of Odd-A Tellurium Isotopes: Emergence of Collectivity and Transitional Behavior,Dr. Devesh Kumar,
B,Nuclear structure,CT-NSTQ-01,Resource-Efficient Quantum Simulations of the Nuclear Shell Model via Gray-Code Encoded SSVQE and Error Mitigation,Ankit Kumar Das,
B,Nuclear structure,CT-NSTQ-02,Non-Variational Quantum Generator Coordinate Method for Nuclear Structure,Durgesh Pandey 24925011,
B,Nuclear structure,CT-NSTQ-03,Neural-network quantum states for ground-state properties of light nuclei,Gokul A,
B,Nuclear structure,CT-NSTQ-04,Testing Garvey-Kelson Relations in Machine-Learning corrected Nuclear Mass Models,Nisha Chandnani,
B,Nuclear structure,PP-NSE-01,High-spin isomer in neutron-rich 199Au,Ankit Rana,
B,Nuclear structure,PP-NSE-02,Study of Alignment of Odd Particle in 116-126Cs Nuclei,Anshul Kumar,
B,Nuclear structure,PP-NSE-03,Identification of a new band in 136Ce based on 12+ state,Ishika Sharma,
B,Nuclear structure,PP-NSE-04,Octupole Correlations in Odd-A Ge Isotope,Khushi Singh,
B,Nuclear structure,PP-NSE-05,Evolution of Nuclear Structure and Electromagnetic Properties in Neutron-Rich Gallium Isotopes,Madhusmita Barman,
B,Nuclear structure,PP-NSE-06,Nuclear structure and decay of proton-emitter $^{165}$Ir,Mehak Narula,
B,Nuclear structure,PP-NSE-07,DCO Measurements of Negative Parity States in 135La,Mohammad Anser,
B,Nuclear structure,PP-NSE-08,Study of Possible Antimagnetic Rotation in $^{101}$Mo,RENU JOSHI,
B,Nuclear structure,PP-NSE-09,Investigation of low-lying structure in even-even Zn isotope,RUPESH KUMAR KUSHWAHA,
B,Nuclear structure,PP-NSE-10,High-precision lifetime measurements of K isomers in Hf isotopes,Sachin K. Singh,
B,Nuclear structure,PP-NSE-11,Structural evolution in odd-A Br Isotopes,SHRIYA TIWARI,
B,Nuclear structure,PP-NST-01,Systematic Study of Band-Crossing Phenomena in MR and AMR Bands in Mass A ? 60 Region: A Semiclassical Approach,Nandini Patel,
B,Nuclear structure,PP-NST-02,"GROUP ENERGY: A COLLECTIVE ENERGY-FLOW FRAMEWORK FOR NUCLEAR STABILITY, ALPHA DECAY, AND CONFIGURATION CHANGE",NARAYAN PRASAD AGARWAL,
B,Nuclear structure,PP-NST-03,Nuclear Model Optimizations Using Advanced Statistical Methods,"Om Patel, Jhilam Sadhukhan, and N. J. Upadhyay",
B,Nuclear structure,PP-NST-04,Study of First-Forbidden Beta Decay of $^{92}$Rb and $^{142}$Cs using Shell-Model,Nidhi Pant,
B,Nuclear structure,PP-NST-05,Alpha-Decay Half-life using Symbolic Regression,Parvathi V Nair,
B,Nuclear structure,PP-NST-06,Excited states of $^6$He using the Improved Rodeo algorithm,Rohit Mahendra Shinde,
B,Nuclear structure,PP-NST-07,A perspective of depletion fraction from the quadrupole deformation and charge form factor,Abdullah Modabbir,
B,Nuclear structure,PP-NST-08,Single-Particle Structure of Superheavy Odd-A Nuclei,Arshpreet Kaur,
B,Nuclear structure,PP-NST-09,Investigation of Excited 0+ Bands in even-even 152-162Gd Isotopes using the Triaxial Projected Shell Model,Bhanu Pratap Singh,
B,Nuclear structure,PP-NST-10,Quasi-particle structure of odd-neutron 109-115Te isotopes,Dr. Amit Kumar,
B,Nuclear structure,PP-NST-11,Systematic Analysis of Signature Effects in Three-Quasiparticle Rotational Bands,Harpreet Kaur,
B,Nuclear structure,PP-NST-12,B-Splines as a versatile basis for estimating nuclear ground state properties,HEMANT KUMAR SINGH,
B,Nuclear structure,PP-NST-13,Large-scale shell-model calculations for highly-excited metastable states in nuclei near 208Pb,JAY KAUSHIK,
B,Nuclear structure,PP-NST-14,Rotational bands and Electromagnetic Properties of Odd mass Molybdenum isotopes in Deformed Hartree-Fock and Angular momentum Projection Model,Nandita Kar,
B,Nuclear structure,PP-NST-15,Microscopic investigation of high-spin states in even-even hafnium nuclei.,Nazira Nazir,
B,Nuclear structure,PP-NST-16,Rotational Dynamics of Staggered ?h_(11/2)??i_(13/2) Bands,Pinky,
B,Nuclear structure,PP-NST-17,Investigation of Two-Quasiparticle Configurations of Americium Isotopes,Rajvinder Kaur,
B,Nuclear structure,PP-NST-18,Neutron-Alignment-Driven Evolution of Effective Deformation in the Yrast Band of 123Cs,Ritvik Gupta,
B,Nuclear structure,PP-NST-19,Microscopic investigation of the $I^pi=8^-$ isomer decay in even-even N = 74 isotones,SAJAD AHMAD BHAT,
B,Nuclear structure,PP-NST-20,Emission dynamics of 14C from Ra-isotopes at finite temperature,Shubham Bharmoria,
B,Nuclear structure,,Cluster correlations in nuclei,YASUTAKA TANIGUCHI,
B,Nuclear structure,,Investigating the structure of nuclei around 132Sn,Lozeva Radomira,
B,Nuclear structure,,MIRACLS: Probing exotic nuclei with laser spectroscopy in an MR-ToF device,Anthony Moshe Roitman,
B,Nuclear structure,,Shape Coexistence and Nuclear Decay: From Superdeformed 40Ca to Rare-Earth Nuclei,Eiji Ideguchi,
B,Nuclear structure,,Exotic structures unveiled from radii measurements at RIKEN-RIBF,Rinku Prajapat,
C,Nuclear Astrophysics,CT-NA-01,"Measurement of 66Zn(p,?)67Ga and 66Zn(p,?)63Cu Cross-sections around Gamow Energies",Ashique Yoosaf S A,
C,Nuclear Astrophysics,CT-NA-02,Nuclear Interactions in Lithium Photodisintegration at BBN Energies,Aswathi V,
C,Nuclear Astrophysics,CT-NA-03,Effects of poloidal and toroidal magnetic field geometries on proto-neutron star structure,Harsh Chandrakar,
C,Nuclear Astrophysics,CT-NA-04,Benchmarking Theoretical Reaction-Rate Formalisms and Piecewise Parameterizations for Iron-Peak and p-Process Seed Nuclei,Raj Nandani and N. J. Upadhyay,
C,Nuclear Astrophysics,CT-NA-05,"The 3He(?,?)7Be S-factor at Solar Energies : A Bayesian Neural Network Approach",Ritankar Mitra,
C,Nuclear Astrophysics,CT-NA-07,Neutron-Capture Study of 63Cu and it’s relevance in Nuclear Astrophysics,Renu Kumari,
C,Nuclear Astrophysics,PP-NA-01,"Constraining the Solar S-factor: A Bayesian Neural Network Approach to 3He(?,?)7Be",Ritankar Mitra,
C,Nuclear Astrophysics,PP-NA-02,Properties of Dark Matter-Admixed-Neutron Star within Two-Fluids Approach,Abdul Quddus,
C,Nuclear Astrophysics,PP-NA-03,"The Astrophysical S-factor and Rate of the 12C (?, ?)16O Reaction Calculation at Gamow Energy",Dr. Ashok Kumar Mondal,
C,Nuclear Astrophysics,PP-NA-04,Dark Matter Effects on Neutron-Star Structure and Non-Radial Oscillations within a Two-Fluid Formalism,Dr. Raj Kumar Jagota,
C,Nuclear Astrophysics,PP-NA-05,"Investigation of the 22Mg (p, ?) 23Al Reaction Rate and Its Astrophysical Implications",Dr. Sathi Sharma,
C,Nuclear Astrophysics,PP-NA-06,Bayesian Modeling of the Isovector Giant Dipole Resonance: From Nuclear Structure to Nuclear Astrophysics,GOURAB BANERJEE,
C,Nuclear Astrophysics,PP-NA-07,Neutrino Flavour Oscillations in Matter and the Impact of Scalar NSI,Hitakshi Choudhary,
C,Nuclear Astrophysics,PP-NA-08,"Study of Astrophysical S-factor and thermonuclear reaction rate of ¹?N(p,?)¹?O and their impact on stellar evolution models",Krishna Kumar Bafna,
C,Nuclear Astrophysics,PP-NA-09,"Carbon Isotope Evolution and Elemental Abundances in AGB Stars Using 12C(p,?)13N and 13C(p,?)14N Reaction Rates",nihal kumawat,
C,Nuclear Astrophysics,PP-NA-10,Non-radial f-mode oscillations in neutron stars using consistent Skyrme interactions and the Cowling approximation,Praveen Kumar Yadav,
C,Nuclear Astrophysics,PP-NA-11,Role of ?–? coupling in the equation of state and neutron star properties,Queena,
C,Nuclear Astrophysics,PP-NA-12,Finite-Temperature Nuclear Matter and Neutron-Star Properties in the Relativistic Mean-Field Approach,Sunil Kumar,
C,Nuclear Astrophysics,PP-NA-13,"The Calculation of Astrophysical S-factor and Rate of the ¹?N(p,?)¹?O Reaction using an Indirect Proton Transfer Reaction ¹?N(d,n)¹?O",Vadali,
C,Nuclear Astrophysics,,Exotic Nuclei at the Island of Inversion: Tested Nuclear Inputs for Astrophysical Reaction Rates and r-Process Abundances,Rajdeep Chatterjee,
C,Nuclear Astrophysics,,Probing the Dirac–Majorana Nature of Fermionic Dark Matter with Massive Neutron Stars,Mrutunjaya Bhuyan,
C,Nuclear Astrophysics,,First experimental identification of a tertiary charged-particle reaction-in-flight in a high-density DT plasma,Sutanu Bhattacharya,
D,Applications of nuclear physics and technologies,CT-ANPT-01,Gamma-ray scanning for blockage identification & quantification in industrial pipelines,Aaryaan Reyaz,
D,Applications of nuclear physics and technologies,CT-ANPT-02,RADMAP - a multi-sensor RADiation MAPping device using Raspberry-Pi,"Ankit Singh, Mansimran Kaur , Dhruv Dhayal, Abhishek Yadav and Alpana Goel",
D,Applications of nuclear physics and technologies,CT-ANPT-03,"Estimation of Retrospective Radon Progeny Concentrations in Dwellings Based on ²¹?Po Activities Implanted in Different Glass Objects: A Case Study from Billawar, J&K",Deelak Raj,
D,Applications of nuclear physics and technologies,CT-ANPT-04,Characterization and Radiation Shielding Properties of Natural Rocks from Central Nepal: Experimental Analysis and PHITS Simulation,Dr. Devendra Raj Upadhyay,
D,Applications of nuclear physics and technologies,CT-ANPT-05,Probing the Magnetic Properties of Rare-Earth-Free Nanostructured Permanent Magnets using Nuclear Physics Techniques,DR. SANDEEP KUMAR SRIVASTAVA,
D,Applications of nuclear physics and technologies,CT-ANPT-06,Phantom study to find Robustness of Computed Tomography Radiomic Features & its Comparison between Homogeneous Medium and Heterogeneous Medium.,NAZNEEN HUSAIN CHOUGLE,
D,Applications of nuclear physics and technologies,CT-ANPT-07,Geogenic Control of Natural Radioactivity Across Three Physiographic and Tectonic Regions Of Eastern Nepal: A PGIS-2 Gamma-Ray Spectrometric Survey,Nigam Singh Silwal,
D,Applications of nuclear physics and technologies,CT-ANPT-08,"Cold Nuclear Fusion via the 4G Electroweak Model: Proposed Tests in Iron, Magnesium and Gallium",Satya Seshavatharam U V,
D,Applications of nuclear physics and technologies,CT-ANPT-09,Optimal control synthesis of double-quantum pulses in spin-1 open quantum systems,Soniya,
D,Applications of nuclear physics and technologies,PP-ANPT-01,"Computational Investigation of Gamma-Ray, Charged-Particle and Neutron Shielding Performance of CdO–V?O?–B?O? Glasses",Anil Belbase,
D,Applications of nuclear physics and technologies,PP-ANPT-02,Framework for indigenous development of RadioIsotope Identification Devices (RIIDs),"Anurag Dubey, Abhishek Yadav, and Alpana Goel",
D,Applications of nuclear physics and technologies,PP-ANPT-03,Evaluation of Tungsten Heavy Alloys for Multi-Radiation Shielding Using Theoretical and PHITS Monte Carlo Methods,Ashish Lamichhane,
D,Applications of nuclear physics and technologies,PP-ANPT-04,Experimental Characterization and Monte Carlo Assessment of Gamma-Ray and Charged-Particle Shielding Performance of Commercial Granites from the Kathmandu Valley,Jevish Aryal,
D,Applications of nuclear physics and technologies,PP-ANPT-05,Radiation Shielding Properties of ZrO2 - Doped BaO-TiO2-SiO2 (BTS) Glass Ceramics System By Using SRIM and Phy-x/PSD,Khagendra Budhathoki,
D,Applications of nuclear physics and technologies,PP-ANPT-06,"Soil Gas Radon Distribution as a Geogenic Indicator in the Subsidence-Affected Town of Joshimath, Uttarakhand, India",Kishan Uniyal,
D,Applications of nuclear physics and technologies,PP-ANPT-07,Indigenous Development of Epoxy-Based Cost-Effective Plastic Scintillators,Komal Rani,
D,Applications of nuclear physics and technologies,PP-ANPT-08,Effect of gamma irradiation on enzymatic activity and shelf life of pearl millet,kushal yadav,
D,Applications of nuclear physics and technologies,PP-ANPT-09,Optimization of Radiation Doses for achieving desired coloration of Quartz Gemstones,Mohd Shah Hussain,
D,Applications of nuclear physics and technologies,PP-ANPT-10,"Assessment of Radon Mass Exhalation Rate from Soil Samples of Pauri Garhwal, Himalaya using SMART RnDuo",Pankaj,
D,Applications of nuclear physics and technologies,PP-ANPT-11,"Seasonal Variation of Indoor Radon, Thoron, and Their Progeny Concentrations in the Industrial Area of Muzaffarnagar District, Uttar Pradesh, India",PRADEEP KUMAR,
D,Applications of nuclear physics and technologies,PP-ANPT-12,Radiation attenuation-based thickness evaluation and control system for paper and metal industry,Pulkit Manchanda,
D,Applications of nuclear physics and technologies,PP-ANPT-13,Characterization of a P-Type HPGe Gamma-Ray Spectrometry System for Natural Radioactivity Measurements,RABINA GOSWAMI,
D,Applications of nuclear physics and technologies,PP-ANPT-14,"Study of the effect on the structural, optical, and dielectric properties of gamma-irradiated MnTiO3",Ritushree Shaily,
D,Applications of nuclear physics and technologies,PP-ANPT-15,Study of Natural Radioactivity in Rock Samples from Sutlej River Basin,Sakshi yadav,
D,Applications of nuclear physics and technologies,PP-ANPT-16,Gamma-ray signatures to nuclide identification: an automated analysis framework,"Sarbananda Taw, Abhishek Ranjan, Neeraj Sai Dhulipudi, Abhishek Yadav, and Alpana Goel",
D,Applications of nuclear physics and technologies,PP-ANPT-17,"Seasonal Variation of Indoor Radon, Thoron, and Their Progeny Concentrations in the Industrial Area of Muzaffarnagar District, Uttar Pradesh, India",Shiv Kumar,
D,Applications of nuclear physics and technologies,PP-ANPT-18,Investigation of Gamma-Dose-Rate Fields from Extended Monazite Sources of Different Geometries,Shree C,
D,Applications of nuclear physics and technologies,PP-ANPT-19,Spatio-temporal modeling of the activity distributions of PET radioisotopes during Proton Beam Therapy,Shree C,
D,Applications of nuclear physics and technologies,PP-ANPT-20,Quantum simulation of the ground state energies of few-body hypernuclear systems,Sumit Choudhary,
D,Applications of nuclear physics and technologies,,"Characteristics, Exposure, and Health Implications of Ionizing Radiation in Normal and High Background Radiation Areas of India",Prof. Rakesh Chand Ramola,
D,Applications of nuclear physics and technologies,,Beta decay for medical and environmental applications,Enrique Nacher,
D,Applications of nuclear physics and technologies,,Impact on Nuclear Medicine Imaging across Scales: From Millimetre-Scale Clinical PET to Sub-Millimetre On-Chip Detection and Micrometre-Scale Intravital Imaging,Narendra Shankar Singh Rathod,
D,Applications of nuclear physics and technologies,,From positron emission tomography to positronium lifetime imaging using iterative reconstruction techniques with the J-PET,ANAND PANDEY,
D,Applications of nuclear physics and technologies,,J-PET: A Multifunctional Tomograph for Medical Imaging and Positronium Decay Studies,Magdalena Skurzok,
D,Applications of nuclear physics and technologies,,"Probing positronium decay rate, quantum entanglement, and antimatter gravity with J-PET",Sushil Sharma,
D,Applications of nuclear physics and technologies,,PGAA setup at the 11b channel of the IBR-2 reactor,Constantin Hramco,
D,Applications of nuclear physics and technologies,,Applications of Tagged Neutrons at Joint Institute for Nuclear Research,Grozdanov Dimitar,
D,Applications of nuclear physics and technologies,,R&D in radiation detectors: From basic science to bio-medical and plasma diagnostics,Sudipta Saha,
D,Applications of nuclear physics and technologies,,Gamma radiation(Co-60) processing for sterilization of Health Care Products,DR. SANJAY RAJPUT,
D,Applications of nuclear physics and technologies,,Applications of Precision Nuclear Decay Data for Nuclear Structure Research & Radiological Standards.,Patrick Regan,
E,Nuclear Instrumentation,CT-NI-01,Probing the reaction dynamics using heavy ion detection systems of scattering chamber facilities of IUAC,Mohit Kumar,
E,Nuclear Instrumentation,CT-NI-02,Investigation of Compton Imaging Capabilities in a Position Sensitive Germanium Detector,Priyanka Khandelwal,
E,Nuclear Instrumentation,CT-NI-03,Efficiency calibration and coincidence summing correction for an annular NaI:Tl detector using ?+ emitters,Rahul Chauhan,
E,Nuclear Instrumentation,PP-NI-01,Fabrication and Characterization of Carbon-Backed Lead Targets for Quasi-Molecular X-Ray Studies.,Dr Shivani Agarwal,
E,Nuclear Instrumentation,PP-NI-02,Fabrication of enriched and natural thallium and enriched gold targets for the nuclear structure study of the polonium isotopes.,Prerna Singh Rawat,
E,Nuclear Instrumentation,PP-NI-03,Characterization of the Angular Response of an EJ-315 Scintillator for Field-Based Radiation Detection,Rajeev Raj,
E,Nuclear Instrumentation,PP-NI-04,Characterization of a Hamamatsu S13361-3050AE-04 SiPM Array,Runal K. Dutta,
E,Nuclear Instrumentation,PP-NI-05,Fabrication of 207Pb thin targets for nuclear reaction measurements,Mahima Upadhyay,
E,Nuclear Instrumentation,PP-NI-06,Temperature-Dependent Electrical Characterization and Breakdown Voltage Determination of an ARRAYC-30035-16P Silicon Photomultiplier,Trinayan Saikia,
E,Nuclear Instrumentation,,Low-Energy Beams at FRIB for Cutting Edge Science,Chandana Sumithrarachchi,
F,Accelerator Development and Future Accelerators,CT-ADFA-01,A Study of Maximum Pseudorapidity Gap Fluctuations in Hadronic and Nuclear Interactions at High Energies,Dr. Mohammed Mohisin Khan,
F,Accelerator Development and Future Accelerators,CT-ADFA-02,Design of Lightweight Alloy-based Materials for Next-Generation  Beampipe Applications in Particle Accelerators,Kamaljeet Singh,
F,Accelerator Development and Future Accelerators,PP-ADFA-01,Electron Acceleration via Surface Plasma Wave on Converging Targets,Dr. Avijit Chamoli,
F,Accelerator Development and Future Accelerators,,The status of the RAON facility in Korea,Do Gyun Kim,
G,Fundamental Symmetries,CT-FS-01,Glueball Spectrum and Non-Perturbative Dynamics in Dual QCD,Dr. Garima Punetha,
